{
  "CHANGELOG.md": "e51fca9e1f8f15f6b0e2396640dfc3b3",
  "CONTRIBUTING.md": "8d384cc10b0e2508da8e22b1ccc76678",
  "DEVELOPERS.md": "03a59096f18f6a46153f3b0f0caf7da1",
  "Gemfile": "124863a89e37d73f74cafa4758d0ed8a",
  "LICENSE": "d2794c0df5b907fdace235a619d80314",
  "README.md": "c24051061dad4555684b7855605ac1b2",
  "Rakefile": "3bc5ed47d86929fa7defb2d88c320f0b",
  "acceptance/config/windows-2003r2-i386.cfg": "fda04dadd240d34cd9756dd7cdfc7de6",
  "acceptance/config/windows-2003r2-x86_64.cfg": "143f9cf0c59007f5f585525eb1f2050a",
  "acceptance/config/windows-2008r2-x86_64.cfg": "58ec85c2a2693e1e7bee095bc664ae27",
  "acceptance/config/windows-2012r2-core-x86_64.cfg": "298d1d44230614e81b8f055f2941cb7b",
  "acceptance/config/windows-2012r2-x86_64.cfg": "8eb1a6c66f2a7beb9de5f2d0dfb5bfd4",
  "acceptance/scripts/beaker_command_w2003r2x64.sh": "ca4ec28d65a77d86e3a546ee7ff104ae",
  "acceptance/scripts/beaker_command_w2003r2x86.sh": "5ec8fa147a4e42389d721aa9c92a6c21",
  "acceptance/scripts/beaker_command_w2008r2x64.sh": "05b1fc522aa8e744a0c511186d700f70",
  "acceptance/scripts/beaker_command_w2012r2x64.sh": "d82e918a29145d647f4c1b89a410b982",
  "acceptance/setup/install.rb": "d0b54c6c8c67a11a510c59b29c0c8e13",
  "acceptance/tests/access_rights_directory/allow_execute_rights_dir.rb": "113acddd42ae49e540c5ecae927e51d9",
  "acceptance/tests/access_rights_directory/allow_modify_rights_dir.rb": "17ab95c107bb763e679e5bb6720a4e20",
  "acceptance/tests/access_rights_directory/allow_re_rights_dir.rb": "436b65a209d0c97a49513ecd2eaa58fe",
  "acceptance/tests/access_rights_directory/allow_read_rights_dir.rb": "afccaa284f0e165062b28098c603347b",
  "acceptance/tests/access_rights_directory/allow_we_rights_dir.rb": "1eb6e2f8586e292c727972d6d4988494",
  "acceptance/tests/access_rights_directory/allow_wr_rights_dir.rb": "8a4327167d8a50a3f4cfe86543ffbf08",
  "acceptance/tests/access_rights_directory/allow_wre_rights_dir.rb": "69ddf1574d8c3d724d557d4780c3af40",
  "acceptance/tests/access_rights_directory/allow_write_rights_dir.rb": "49843a38a434390663b46adc51ac9d0b",
  "acceptance/tests/access_rights_directory/deny_execute_rights_dir.rb": "d628fbc056acd160ef0a0b47533780fd",
  "acceptance/tests/access_rights_directory/deny_full_rights_dir.rb": "8810f7755e9d29a34ee2d8248656800d",
  "acceptance/tests/access_rights_directory/deny_modify_rights_dir.rb": "9529a97afdf31319568ff7d7a048c946",
  "acceptance/tests/access_rights_directory/deny_re_rights_dir.rb": "8c32ef9be9d74d3c23e3fa88e69a70df",
  "acceptance/tests/access_rights_directory/deny_read_rights_dir.rb": "13ff189066c8615edff9de0d4d29d7b6",
  "acceptance/tests/access_rights_directory/deny_we_rights_dir.rb": "40b6d0872aaeabf3a16aa3ede930a928",
  "acceptance/tests/access_rights_directory/deny_wr_rights_dir.rb": "079b933087f3e58246eb56d7ba5ad3a5",
  "acceptance/tests/access_rights_directory/deny_wre_rights_dir.rb": "a9f8c5a0d8da0607a6be1cb273724fd6",
  "acceptance/tests/access_rights_directory/deny_write_rights_dir.rb": "583beefe668d48cf0dc84ab1f2fc6030",
  "acceptance/tests/access_rights_directory/mask_specific/allow_AD_S_WA_X_rights_dir.rb": "05451fdf0c52f6b1906f454f3cb45fb9",
  "acceptance/tests/access_rights_directory/mask_specific/allow_RD_DC_WEA_RC_rights_dir.rb": "2bffa807bba447928bcadbecbfbcf070",
  "acceptance/tests/access_rights_directory/mask_specific/allow_S_DE_REA_WEA_RA_WA_rights_dir.rb": "17380643274b246763f5dc8901c78681",
  "acceptance/tests/access_rights_directory/mask_specific/allow_S_RA_WA_RC_rights_dir.rb": "88eef59d5fb4ad6b1901ac4978e75f8e",
  "acceptance/tests/access_rights_directory/mask_specific/allow_WD_REA_RA_S_rights_dir.rb": "18905e572519d7eb3ff7e4d975c6c489",
  "acceptance/tests/access_rights_directory/mask_specific/deny_AD_S_WA_X_rights_dir.rb": "5003405b826f46feed3b75756f618576",
  "acceptance/tests/access_rights_directory/mask_specific/deny_DE_REA_WEA_RA_WA_rights_dir.rb": "37e596fa7481c3280c3dee6b46e3dbf4",
  "acceptance/tests/access_rights_directory/mask_specific/deny_RD_DC_WEA_RC_rights_dir.rb": "9cfc9ff26f1c54f5a2448250d9547609",
  "acceptance/tests/access_rights_directory/mask_specific/deny_S_RA_WA_Rc_rights_dir.rb": "818e50349519bcb5b7cf8254d38bdfa4",
  "acceptance/tests/access_rights_directory/mask_specific/deny_WD_REA_RA_S_rights_dir.rb": "825fead6f6e1e816319c07032de2bbc7",
  "acceptance/tests/access_rights_file/allow_execute_rights_file.rb": "f3d30112a7219ca56fa71434b0b93036",
  "acceptance/tests/access_rights_file/allow_modify_rights_file.rb": "96d7a3bdade238963188b0f671ab5497",
  "acceptance/tests/access_rights_file/allow_re_rights_file.rb": "29ed35097943adbd5d658b9891e32dcb",
  "acceptance/tests/access_rights_file/allow_read_rights_file.rb": "9367cfa4f4545b669e04ab8d265a6069",
  "acceptance/tests/access_rights_file/allow_we_rights_file.rb": "259e45e8b1876756d57e0c5b475b1c3b",
  "acceptance/tests/access_rights_file/allow_wr_rights_file.rb": "a8ae3760899d0c82079a80345717d8b0",
  "acceptance/tests/access_rights_file/allow_wre_rights_file.rb": "484aa987f9665e173bca5a7e6928b1ce",
  "acceptance/tests/access_rights_file/allow_write_rights_file.rb": "666688990b47c228d630ad2771cd3b39",
  "acceptance/tests/access_rights_file/deny_execute_rights_file.rb": "04dfa3ef46ab22dfaf2c46538c7a6fdf",
  "acceptance/tests/access_rights_file/deny_full_rights_file.rb": "2c2894f2b7cfac7727978bba8a70a8ac",
  "acceptance/tests/access_rights_file/deny_modify_rights_file.rb": "50974e8ce0cf05004fa75c0837b16bee",
  "acceptance/tests/access_rights_file/deny_re_rights_file.rb": "803aae291db9bc027abe5394938db65e",
  "acceptance/tests/access_rights_file/deny_read_rights_file.rb": "a4410696ec5ff60518c0ffdfb878d038",
  "acceptance/tests/access_rights_file/deny_we_rights_file.rb": "1949bcd94f1749b082ed27a514ca49c6",
  "acceptance/tests/access_rights_file/deny_wr_rights_file.rb": "86681dc18532b34587606a38ce73bd4e",
  "acceptance/tests/access_rights_file/deny_wre_rights_file.rb": "656381ff821d0f41c2a8254abb1cb2e2",
  "acceptance/tests/access_rights_file/deny_write_rights_file.rb": "af32030e8d37de1c8386e7b45171f643",
  "acceptance/tests/access_rights_file/mask_specific/allow_AD_S_WA_X_rights_file.rb": "d95c43bb33b62b00fc6adbc71f5eb5a6",
  "acceptance/tests/access_rights_file/mask_specific/allow_RD_DE_WEA_RC_rights_file.rb": "494de3d2647bae89948b4c00e037c5f7",
  "acceptance/tests/access_rights_file/mask_specific/allow_S_DE_REA_WEA_RA_WA_rights_file.rb": "66b7aad465e52422ceb9dfbca4fc7b19",
  "acceptance/tests/access_rights_file/mask_specific/allow_S_RA_WA_RC_rights_file.rb": "d15e2f5fe3492eef85493b9d3c7d220c",
  "acceptance/tests/access_rights_file/mask_specific/allow_WD_REA_RA_S_rights_file.rb": "8b4686af98880b345b1cdb5784aef886",
  "acceptance/tests/access_rights_file/mask_specific/deny_AD_S_WA_X_rights_file.rb": "f783f027a1aed045df8f097a975d7023",
  "acceptance/tests/access_rights_file/mask_specific/deny_RD_DE_WEA_RC_rights_file.rb": "7934cfa965ccbb44d3caa6c457e40420",
  "acceptance/tests/access_rights_file/mask_specific/deny_S_DE_REA_WEA_RA_WA_rights_file.rb": "23327d54fa3ad29ece925a66a0400aa3",
  "acceptance/tests/access_rights_file/mask_specific/deny_S_RA_WA_RC_rights_file.rb": "dd46bed20cf3d6cd6ed73009bc0e64e8",
  "acceptance/tests/access_rights_file/mask_specific/deny_WD_REA_RA_S_rights_file.rb": "b92bdd480731e2c9de509d3f0a34dfff",
  "acceptance/tests/basic_functionality/negative/negative_acl_on_linux.rb": "cb4b54fed47ffd8677234f475a8b616e",
  "acceptance/tests/group/group_local_group.rb": "d02ce5e9f107fd1897741a242fc81a39",
  "acceptance/tests/group/group_local_long_group_name.rb": "4553949c50c2f3b6920a99e8e60398d8",
  "acceptance/tests/group/group_local_long_user_name.rb": "ede763bab084207818207666c9a25179",
  "acceptance/tests/group/group_local_unicode_group.rb": "7a185b5cae04c56905f63af0f9b41985",
  "acceptance/tests/group/group_local_unicode_user.rb": "3b41cf646711a33f6dce2c154a97645a",
  "acceptance/tests/group/group_local_user.rb": "44519d5ebb25256b495793a26401b194",
  "acceptance/tests/group/group_local_user_sid.rb": "feb63c40a2ff0c701db255c452109092",
  "acceptance/tests/group/negative/group_257_char_name.rb": "b4712677e38aefd9e8e976053840355d",
  "acceptance/tests/identity/negative/specify_257_char_identity.rb": "c1ef93b9d37b5672889f6126c0a6bc1e",
  "acceptance/tests/identity/negative/specify_invalid_identity.rb": "4af50507264aeabf673cb1af8934536e",
  "acceptance/tests/identity/specify_group_ident.rb": "01a21f3cc99a084116024ce764a5e821",
  "acceptance/tests/identity/specify_long_group_ident.rb": "646892b7b90df1640e10f35b44674a8c",
  "acceptance/tests/identity/specify_long_user_ident.rb": "cee17054444af5cd463cdf8b68975078",
  "acceptance/tests/identity/specify_sid_ident.rb": "fcd34915f677230b42d488edd36871f8",
  "acceptance/tests/identity/specify_unicode_group_ident.rb": "d1e816a1988d7bbfd2547837ecde68b9",
  "acceptance/tests/identity/specify_unicode_user_ident.rb": "e6163d85748eee9d3b41447026ba949f",
  "acceptance/tests/inheritance/inherit_allow_on_dir.rb": "107b12e34f84a25a17a08017e97b01d1",
  "acceptance/tests/inheritance/inherit_allow_on_file.rb": "0628a0e9175467032216b29d1c73df4d",
  "acceptance/tests/inheritance/inherit_deny_on_dir.rb": "88639eb24491d0b5923b8fdf4da93a7e",
  "acceptance/tests/inheritance/inherit_deny_on_file.rb": "747b2b26aa5bb6eb264cd8c82857e43f",
  "acceptance/tests/inheritance/rem_inherit_allow_on_dir.rb": "d214be667a33c8f9977ff8a3e915dc18",
  "acceptance/tests/inheritance/rem_inherit_allow_on_file.rb": "871a6cee862292c9c939a8d39b0eb918",
  "acceptance/tests/inheritance/rem_inherit_deny_on_dir.rb": "b150dbd74f9c79a4ef5d311a9e0f403c",
  "acceptance/tests/inheritance/rem_inherit_deny_on_file.rb": "b8235accfe426c5991c32624470a736c",
  "acceptance/tests/owner/negative/owner_257_char_name.rb": "ce7739d619afdc67d3fb2c730a5c7116",
  "acceptance/tests/owner/owner_local_group.rb": "05503de64a18119ac9785da9682b63c3",
  "acceptance/tests/owner/owner_local_long_group_name.rb": "26f45f96a04391d95096a78590e67ecc",
  "acceptance/tests/owner/owner_local_long_user_name.rb": "aef2474bef385a0726c044acae105437",
  "acceptance/tests/owner/owner_local_unicode_group.rb": "860d503eb20cce578116a23e6f2bb154",
  "acceptance/tests/owner/owner_local_unicode_user.rb": "3a1d440655c985727f2bc0f34906e8a3",
  "acceptance/tests/owner/owner_local_user.rb": "995c7633742a37d3dbee5aa550b33271",
  "acceptance/tests/owner/owner_local_user_sid.rb": "6891ead7ccb1197797e90d303594872d",
  "acceptance/tests/parameter_target/add_perms_to_8dot3_dir.rb": "9a90483cb1ecc36b9c7accd18e02c7bc",
  "acceptance/tests/parameter_target/add_perms_to_8dot3_file.rb": "15da6b8d7c7e18fcf79c7eecbdee33ac",
  "acceptance/tests/parameter_target/add_perms_to_file.rb": "67dda46d154fb823fc80a95ad03052ec",
  "acceptance/tests/parameter_target/add_perms_to_long_dir.rb": "120a6bc7831535492d5b7b86ccbf95b6",
  "acceptance/tests/parameter_target/add_perms_to_long_file.rb": "15dd8e2918785428a1c04ab3ee5d2aef",
  "acceptance/tests/parameter_target/add_perms_to_unicode_dir.rb": "124b59ff5255d53d9100769f4bf435b4",
  "acceptance/tests/parameter_target/add_perms_to_unicode_file.rb": "52d635d66cd5ee8bd7f8a6c7314f4887",
  "acceptance/tests/parameter_target/explicit_target.rb": "aa71e3a129c3b118aafb1522b18badbe",
  "acceptance/tests/parameter_target/implicit_target.rb": "8184cf242dfce0feb144b674239262f0",
  "acceptance/tests/parameter_target/negative/negative_acl_blank_target.rb": "21bf2ace477fdf9642baa7cf204c38bb",
  "acceptance/tests/parameter_target/negative/negative_acl_invalid_chars.rb": "9c16d60aaa1b3edb5db117caa4cca816",
  "acceptance/tests/parameter_target/negative/negative_acl_symlink.rb": "863cd31460a9173343743ced93051f76",
  "acceptance/tests/parameter_target/rem_perms_from_8dot3_dir.rb": "fb344c693dcfff3596c8a4e3d87c3c59",
  "acceptance/tests/parameter_target/rem_perms_from_8dot3_file.rb": "3623bb5549aad8caa2ff982aefe64e6b",
  "acceptance/tests/parameter_target/rem_perms_from_dir.rb": "42c511de385b9333ee71ccf08b2d5c20",
  "acceptance/tests/parameter_target/rem_perms_from_file.rb": "006068f750e99e5fab04ad51f1724db2",
  "acceptance/tests/parameter_target/rem_perms_from_long_dir.rb": "ce39ac4f64f9276388bdbade7e70816c",
  "acceptance/tests/parameter_target/rem_perms_from_long_file.rb": "c4e63b9067c28935ff5fecf4e14fbd08",
  "acceptance/tests/propagation/negative/prop_file.rb": "7d474135cb725faa0bf58b2272ff03e1",
  "acceptance/tests/propagation/negative/prop_self_only_to_all.rb": "65b7a20c458db459abb0f1696b0cef71",
  "acceptance/tests/propagation/prop_all_to_all.rb": "d999930013bf006c155a703469fac043",
  "acceptance/tests/propagation/prop_all_to_containers.rb": "9fb24585b81d70a8edf64a8e86abf40a",
  "acceptance/tests/propagation/prop_all_to_none.rb": "e43a912f9bcddad975b88d3a6859efcd",
  "acceptance/tests/propagation/prop_all_to_objects.rb": "ca197f2e6edd436b9419a35262effecb",
  "acceptance/tests/propagation/prop_children_only_to_all.rb": "688b57f7101d2b80f7841084ef228f25",
  "acceptance/tests/propagation/prop_children_only_to_containers.rb": "dd443058b8e2a6fde19f46db9c434bbe",
  "acceptance/tests/propagation/prop_children_only_to_objects.rb": "d539005933ab7859a9f3e90e3065e9a9",
  "acceptance/tests/propagation/prop_direct_children_only_to_all.rb": "dd4a55b38a52f741655b54fe771bf223",
  "acceptance/tests/propagation/prop_direct_children_only_to_containers.rb": "4b3f995fb3e93142af048da26e0d871c",
  "acceptance/tests/propagation/prop_direct_children_only_to_objects.rb": "0a4e516462fa9311a24e243cfe781bc7",
  "acceptance/tests/propagation/prop_self_and_direct_children_only_to_all.rb": "f2447ff96c2e4c8f0734a61114a6e51a",
  "acceptance/tests/propagation/prop_self_and_direct_children_only_to_containers.rb": "11703d6dc8544d31e0955b4cf34c1fce",
  "acceptance/tests/propagation/prop_self_and_direct_children_only_to_objects.rb": "b327137c57d0f2007cd35ccb4d8422df",
  "acceptance/tests/propagation/prop_self_only.rb": "c10d7a634c19e2157f5ff452dad9be96",
  "acceptance/tests/purge/negative/purge_all_perms_dir.rb": "6109b1c3ab18941ed9fd0bd073b13bf3",
  "acceptance/tests/purge/negative/purge_all_perms_file.rb": "5e7239d114c3944b29d97425a4ce9c51",
  "acceptance/tests/purge/purge_all_other_perms_dir.rb": "4f70ae32f44177d100243d634444cb43",
  "acceptance/tests/purge/purge_all_other_perms_file.rb": "5f5b050e3c48585355910d6648039e51",
  "acceptance/tests/purge/purge_explicit_perms_dir.rb": "cf47b60dad9e688926e859628dd0941e",
  "acceptance/tests/purge/purge_explicit_perms_file.rb": "e7975e58437968cb0b72b4f08d2f20d7",
  "acceptance/tests/use_cases/complex_prop_inherit.rb": "32b21558420e30a58172618a611a8845",
  "acceptance/tests/use_cases/grant_full_deny_full.rb": "c4665714e1bbff9ecec2df892713cbc8",
  "acceptance/tests/use_cases/multiple_aces.rb": "48243968800745cb7853b9d6ccaadd60",
  "acceptance/tests/use_cases/multiple_acls.rb": "4b704790bc75ee30e5a3f7069457122a",
  "acceptance/tests/use_cases/multiple_acls_shared_ident.rb": "1090e0b533a0a252547ebb900d3f8243",
  "acceptance/tests/use_cases/negative/allow_deny_ident.rb": "5a5b4fed5eb51b3ead901fa82074e16d",
  "acceptance/tests/use_cases/negative/locked_resource.rb": "ac5411e141dc0e3a62a204c33f89ff9d",
  "acceptance/tests/use_cases/negative/multi_acl_single_target.rb": "c2ac9a39437d36d1611c43d6d519b25c",
  "appveyor.yml": "1815f446115e9742f255976c1c7391e3",
  "lib/puppet/provider/acl/windows/base.rb": "e0ea8d78c4c6f12f2d15bed425e9dc9c",
  "lib/puppet/provider/acl/windows.rb": "438ad743b522b14f440b875bcccdff53",
  "lib/puppet/type/acl/ace.rb": "5897283480b519cb31c17431d7631af3",
  "lib/puppet/type/acl/rights.rb": "de1e531fa4bd70a234e2080ea804ca80",
  "lib/puppet/type/acl.rb": "038f202218df42e682b0f6b2c3f9e946",
  "lib/puppet/util/monkey_patches.rb": "d36ea4119907b8105ad18a63ebafa006",
  "manifests/init.pp": "d04ff11c29460606d35bb119a0be4f47",
  "metadata.json": "f9c3571748122f925fbebe51ab37cc3b",
  "spec/integration/provider/acl/windows_spec.rb": "b46fadee37d1527cc4c59149055cc411",
  "spec/spec.opts": "a600ded995d948e393fbe2320ba8e51c",
  "spec/spec_helper.rb": "bae4dfd05fdb324d57c13f7742161693",
  "spec/unit/provider/acl/windows_spec.rb": "67fe80c6c38f5f8353c12b721cea860c",
  "spec/unit/type/acl/ace_spec.rb": "29650d6c700bcb5ff38002ca304a7cf9",
  "spec/unit/type/acl_spec.rb": "4a9b1842d53c56ee276c1c553f806404",
  "tests/hiera.pp": "f3d17e2c41fcc94353e49add6679cf3a",
  "tests/hiera.yaml": "97f18ff1d7f3de6d5c915abd0dc2f1da",
  "tests/hieradata/common.yaml": "e3508b4d6bd338aefc6dbae410e41720",
  "tests/init.pp": "595dca11e44d6047beb060920a502f45",
  "tools/ACL_Access_Rights_Mask_Addition.xlsx": "e6ad3360eb47cda1fa54ff245363b0bc"
}