{
  "name": "puppetlabs-acl",
  "version": "1.1.2",
  "author": "puppetlabs",
  "summary": "This module provides the ability to manage ACLs on nodes",
  "license": "Apache-2.0",
  "source": "git://github.com/puppetlabs/puppetlabs-acl.git",
  "project_page": "https://github.com/puppetlabs/puppetlabs-acl",
  "issues_url": "https://tickets.puppetlabs.com/browse/MODULES/component/11945",
  "dependencies": [
  
  ],
  "tags": [
    "microsoft",
    "access control list",
    "access control entry",
    "acl",
    "ace",
    "file permissions"
  ],
  "requirements": [
    {
      "name": "pe",
      "version_requirement": ">= 3.2.0 < 2015.4.0"
    },
    {
      "name": "puppet",
      "version_requirement": ">= 3.4.0 < 5.0.0"
    }
  ],
  "description": "This module provides the ability to manage ACLs on nodes. Currently the only operating system supported is Windows",
  "operatingsystem_support": [
    {
      "operatingsystem": "Windows",
      "operatingsystemrelease": [
        "Server 2003",
        "Server 2003 R2",
        "Server 2008",
        "Server 2008 R2",
        "Server 2012",
        "Server 2012 R2",
        "7",
        "8"
      ]
    }
  ]
}
